"Source","Target","Status","Mode","SourceHash","OldWikiHash","NewWikiHash"
"bathtub-filter-kes-v1-execution-roadmap-2026-06-15.md","bathtub-filter-kes-v1-execution-roadmap-2026-06-15.md","new","copy","C375B7488229840B","","C375B7488229840B"
"bathtub-filter-kes-media-eeat-and-clean-formula-narrative.md","bathtub-filter-kes-media-eeat-and-clean-formula-narrative.md","new","copy","A802802B95D76B28","","A802802B95D76B28"
"bathtub-filter-kes-clean-formula-emotional-positioning.md","bathtub-filter-kes-clean-formula-emotional-positioning.md","new","copy","7DBA36901784630A","","7DBA36901784630A"
"acf-supplier-research.md","bathtub-filter-acf-supplier-research.md","new","wrap","D22E696C6DF02EBF","","D1617C488B36D78E"
"bathtub-filter-chloramine-media-research.md","bathtub-filter-chloramine-media-research.md","upgrade_existing","copy","3CFC9CE29DA06571","F35BBB9EC660BB2B","3CFC9CE29DA06571"
"bathtub-filter-kes-water-diagnosis-kit-and-modular-acquisition-engine.md","bathtub-filter-kes-water-diagnosis-kit-and-modular-acquisition-engine.md","new","copy","94479ECE689CD9EE","","94479ECE689CD9EE"
"north-america-special-water-sources.md","bathtub-filter-north-america-special-water-sources.md","new","wrap","3F1A0E8EB6F87050","","6F5FC7526087D080"
"bathtub-filter-kes-acquisition-engine-mvp-spec.md","bathtub-filter-kes-acquisition-engine-mvp-spec.md","new","copy","4793DE5CCD05A1C9","","4793DE5CCD05A1C9"
"bathtub-filter-claim-register.md","bathtub-filter-claim-register.md","upgrade_existing","copy","C089E477B74CA458","884FCDBAA867D958","C089E477B74CA458"
"north-america-canada-asia-europe-water-report-2024-final.md","bathtub-filter-north-america-canada-asia-europe-water-report-2024-final.md","new","wrap","A41D1FC02BF0B6A0","","57C96D7DA2CC2CE3"
